epoch,l1_loss,g_loss,cgan_loss,d_loss
0 , 0.3380046784877777, 37.07865905761719,3.2781896591186523,0.13057410717010498 
1 , 0.36350566148757935, 38.435035705566406,2.08447003364563,0.28068503737449646 
2 , 0.3669282793998718, 39.78294372558594,3.0901153087615967,0.07980409264564514 
3 , 0.3209157884120941, 33.35262680053711,1.2610465288162231,0.615412712097168 
4 , 0.35037192702293396, 36.53247833251953,1.495286226272583,0.3820214867591858 
5 , 0.3328244686126709, 34.416236877441406,1.1337871551513672,0.7014804482460022 
6 , 0.3561531901359558, 37.69807052612305,2.082752227783203,0.15084220468997955 
7 , 0.3237519860267639, 34.91592025756836,2.5407233238220215,0.289055734872818 
8 , 0.3278846740722656, 34.34773635864258,1.5592684745788574,0.537309467792511 
9 , 0.3447834849357605, 36.7115592956543,2.2332098484039307,0.37629154324531555 
10 , 0.30251067876815796, 31.17475128173828,0.923682689666748,0.3191525936126709 
11 , 0.3291044533252716, 34.896480560302734,1.9860343933105469,0.2537629008293152 
12 , 0.3454512357711792, 36.74713134765625,2.202005624771118,0.2468041181564331 
13 , 0.3498443365097046, 36.828147888183594,1.8437161445617676,0.4262121915817261 
14 , 0.38408517837524414, 41.25759506225586,2.8490777015686035,0.17192041873931885 
15 , 0.38808155059814453, 41.431697845458984,2.623542070388794,0.17736485600471497 
16 , 0.3393767774105072, 34.936378479003906,0.9987010359764099,0.2957627773284912 
17 , 0.3562917113304138, 37.30350112915039,1.6743327379226685,0.3586878776550293 
18 , 0.325742244720459, 33.978179931640625,1.403953194618225,0.22307607531547546 
19 , 0.3575371205806732, 36.804847717285156,1.051134705543518,0.42476361989974976 
20 , 0.3225730359554291, 34.69525146484375,2.4379453659057617,0.12303563952445984 
21 , 0.32820838689804077, 34.94926071166992,2.1284232139587402,0.36215856671333313 
22 , 0.3413534164428711, 34.47601318359375,0.3406701683998108,0.7779965996742249 
23 , 0.31865194439888, 33.22171401977539,1.3565207719802856,0.2820877730846405 
24 , 0.3142181634902954, 33.002037048339844,1.5802192687988281,0.3165584206581116 
25 , 0.34557127952575684, 35.61085510253906,1.053727388381958,1.2468663454055786 
26 , 0.3222261071205139, 35.14262008666992,2.9200096130371094,0.4733614921569824 
27 , 0.3564242720603943, 38.29527282714844,2.652848482131958,0.535639226436615 
28 , 0.3135085999965668, 32.02899932861328,0.678139865398407,0.4531463384628296 
29 , 0.31462642550468445, 33.596466064453125,2.133821725845337,0.37062710523605347 
30 , 0.3274407982826233, 33.8919677734375,1.14788818359375,0.4127810001373291 
31 , 0.33360981941223145, 35.44532775878906,2.0843451023101807,0.23272867500782013 
32 , 0.34329089522361755, 35.29336929321289,0.96427983045578,0.8179163932800293 
33 , 0.2900947332382202, 30.72353744506836,1.7140626907348633,1.0692225694656372 
34 , 0.3032423257827759, 32.83702087402344,2.512786865234375,0.1582905650138855 
35 , 0.2844410836696625, 30.0731201171875,1.6290113925933838,0.9194154739379883 
36 , 0.3064098060131073, 32.67953109741211,2.03855299949646,0.4000122547149658 
37 , 0.2871263921260834, 30.412952423095703,1.7003133296966553,1.1686947345733643 
38 , 0.30497103929519653, 31.512598037719727,1.0154931545257568,0.522720456123352 
39 , 0.2936979830265045, 31.43021011352539,2.060411214828491,0.5690288543701172 
40 , 0.30120038986206055, 31.07124137878418,0.9512019157409668,0.7533106803894043 
41 , 0.2975383996963501, 31.48118782043457,1.7273484468460083,0.3563944101333618 
42 , 0.2835938632488251, 29.737937927246094,1.3785510063171387,0.4507421851158142 
43 , 0.2870813012123108, 30.061920166015625,1.3537912368774414,0.4935845732688904 
44 , 0.3117125332355499, 33.288028717041016,2.116774082183838,0.2962929904460907 
45 , 0.2954747676849365, 31.534109115600586,1.9866316318511963,0.3451057970523834 
46 , 0.2916069030761719, 31.076583862304688,1.9158934354782104,0.3264353275299072 
47 , 0.2500374913215637, 25.97966957092285,0.9759194254875183,0.4291120767593384 
48 , 0.3161616325378418, 33.8484001159668,2.2322351932525635,0.49677255749702454 
49 , 0.28422221541404724, 30.526365280151367,2.104142904281616,0.5735898613929749 
50 , 0.27842676639556885, 30.25226593017578,2.4095888137817383,0.2194044589996338 
51 , 0.3009157180786133, 31.168670654296875,1.07709801197052,0.39625346660614014 
52 , 0.2844061553478241, 31.115535736083984,2.6749203205108643,0.4975922107696533 
53 , 0.2605609595775604, 27.119239807128906,1.063145637512207,0.411989688873291 
54 , 0.28092095255851746, 28.83283233642578,0.7407388091087341,0.4880106449127197 
55 , 0.27976351976394653, 30.402870178222656,2.4265177249908447,0.5920425653457642 
56 , 0.27070853114128113, 27.882089614868164,0.8112375140190125,0.563850462436676 
57 , 0.27654552459716797, 29.219341278076172,1.5647883415222168,0.690336287021637 
58 , 0.2691476047039032, 29.06682777404785,2.152067184448242,0.41052061319351196 
59 , 0.2290521115064621, 24.389137268066406,1.4839274883270264,0.3589644730091095 
60 , 0.27881863713264465, 29.8905086517334,2.0086445808410645,0.3392123579978943 
61 , 0.2607804536819458, 27.599395751953125,1.5213508605957031,0.6442086100578308 
62 , 0.23731276392936707, 25.125274658203125,1.393999457359314,0.631855309009552 
63 , 0.2667482793331146, 27.713294982910156,1.0384670495986938,0.5239144563674927 
64 , 0.26180553436279297, 27.742544174194336,1.561991572380066,0.624434232711792 
65 , 0.24408714473247528, 26.09246253967285,1.6837480068206787,0.5162453651428223 
66 , 0.28235527873039246, 29.98600959777832,1.7504833936691284,0.449043869972229 
67 , 0.23000511527061462, 23.87298583984375,0.8724752068519592,0.4973887801170349 
68 , 0.24279317259788513, 26.583702087402344,2.3043837547302246,0.24110406637191772 
69 , 0.2508404850959778, 26.544723510742188,1.4606735706329346,0.535926878452301 
70 , 0.22641587257385254, 23.761266708374023,1.119679570198059,0.5348781943321228 
71 , 0.2346324622631073, 25.667415618896484,2.2041709423065186,0.5055387020111084 
72 , 0.26453715562820435, 27.63102912902832,1.177313208580017,0.42385536432266235 
73 , 0.23452448844909668, 23.921518325805664,0.46906939148902893,0.6514358520507812 
74 , 0.23661081492900848, 24.906442642211914,1.2453619241714478,0.5258079767227173 
75 , 0.2840597331523895, 29.80508804321289,1.3991144895553589,0.8964238166809082 
76 , 0.23600122332572937, 24.4566707611084,0.8565476536750793,0.7575723528862 
77 , 0.24668435752391815, 26.578441619873047,1.910004734992981,0.5782777667045593 
78 , 0.22092914581298828, 22.79102325439453,0.698107898235321,0.5659539103507996 
79 , 0.24057477712631226, 25.410463333129883,1.3529858589172363,0.3350556194782257 
80 , 0.23255205154418945, 24.74928855895996,1.4940829277038574,0.3930758535861969 
81 , 0.22780482470989227, 24.12944793701172,1.3489649295806885,0.6701040863990784 
82 , 0.26320528984069824, 27.006521224975586,0.6859918236732483,0.5174906253814697 
83 , 0.23212163150310516, 24.121458053588867,0.909293532371521,0.5702787637710571 
84 , 0.2164173424243927, 22.443071365356445,0.8013359904289246,0.5412665605545044 
85 , 0.21289168298244476, 22.343708038330078,1.0545414686203003,0.4735899567604065 
86 , 0.22594571113586426, 24.200653076171875,1.6060826778411865,0.38956964015960693 
87 , 0.20949435234069824, 22.08438491821289,1.1349496841430664,0.7114819288253784 
88 , 0.22197680175304413, 24.36105728149414,2.1633777618408203,0.4907429814338684 
89 , 0.2012995183467865, 20.99936866760254,0.8694164752960205,0.4935064911842346 
90 , 0.21969544887542725, 23.597904205322266,1.6283595561981201,0.3167039155960083 
91 , 0.22246363759040833, 22.9543514251709,0.7079859375953674,0.5624075531959534 
92 , 0.22779934108257294, 23.65802574157715,0.8780915141105652,0.8176229000091553 
93 , 0.20271602272987366, 21.439151763916016,1.1675493717193604,0.43026667833328247 
94 , 0.21015393733978271, 21.73231315612793,0.7169191241264343,0.6253796219825745 
95 , 0.2291439175605774, 24.848318099975586,1.9339261054992676,0.4496600031852722 
96 , 0.21573397517204285, 22.712303161621094,1.1389070749282837,0.6613212823867798 
97 , 0.21868771314620972, 23.211143493652344,1.3423738479614258,0.5172680616378784 
98 , 0.21595430374145508, 23.475141525268555,1.8797107934951782,0.3520713150501251 
99 , 0.2180846631526947, 22.648775100708008,0.8403096795082092,0.8934386968612671 
100 , 0.19430091977119446, 20.164634704589844,0.7345420718193054,0.9464726448059082 
101 , 0.21705763041973114, 22.86677360534668,1.1610115766525269,0.5259069204330444 
102 , 0.20801720023155212, 22.429594039916992,1.627874493598938,0.5263124108314514 
103 , 0.20157210528850555, 21.965312957763672,1.8081014156341553,0.9130361080169678 
104 , 0.19866883754730225, 21.00164222717285,1.1347583532333374,0.7000280618667603 
105 , 0.21329426765441895, 22.186677932739258,0.857251763343811,0.8252720236778259 
106 , 0.21345733106136322, 23.25252342224121,1.9067902565002441,0.3945372700691223 
107 , 0.21336857974529266, 22.02781105041504,0.6909521818161011,0.45721709728240967 
108 , 0.19346746802330017, 20.24488067626953,0.8981345295906067,0.6709696650505066 
109 , 0.19770178198814392, 20.815921783447266,1.0457440614700317,0.5687425136566162 
110 , 0.19902712106704712, 20.36029815673828,0.4575854539871216,0.7836402654647827 
111 , 0.20349416136741638, 22.417619705200195,2.0682027339935303,0.4478257894515991 
112 , 0.20379149913787842, 21.643823623657227,1.264672875404358,0.6563587784767151 
113 , 0.18489019572734833, 19.441162109375,0.9521422386169434,0.4513183534145355 
114 , 0.201197549700737, 21.93918800354004,1.8194332122802734,0.46217507123947144 
115 , 0.17493335902690887, 18.897260665893555,1.4039257764816284,0.5124675035476685 
116 , 0.1894342005252838, 19.88392448425293,0.9405038952827454,0.4974451959133148 
117 , 0.1850118488073349, 19.77684783935547,1.2756634950637817,0.8557068705558777 
118 , 0.17742490768432617, 18.96061134338379,1.2181199789047241,0.49820756912231445 
119 , 0.18281051516532898, 19.103052139282227,0.8220008611679077,0.537680983543396 
120 , 0.1750045120716095, 18.41937255859375,0.9189208745956421,0.5896250605583191 
121 , 0.1899181604385376, 20.009063720703125,1.0172487497329712,0.549419641494751 
122 , 0.18839114904403687, 20.502634048461914,1.6635197401046753,0.45939505100250244 
123 , 0.1830933541059494, 19.59087371826172,1.2815383672714233,0.5096111297607422 
124 , 0.18062350153923035, 19.160802841186523,1.0984528064727783,0.48349708318710327 
125 , 0.18427371978759766, 19.70267105102539,1.2752995491027832,0.4467746317386627 
126 , 0.1994307041168213, 21.503292083740234,1.560221791267395,0.7538066506385803 
127 , 0.18546217679977417, 20.1898250579834,1.6436076164245605,0.5490338802337646 
128 , 0.1916709840297699, 20.54453468322754,1.3774361610412598,0.6547434329986572 
129 , 0.17702023684978485, 18.686986923217773,0.9849621653556824,0.7459487318992615 
130 , 0.183465838432312, 19.403358459472656,1.0567735433578491,0.5256631374359131 
131 , 0.18275701999664307, 18.98158836364746,0.7058870196342468,0.6765391826629639 
132 , 0.18580292165279388, 20.095993041992188,1.5157017707824707,0.4207702875137329 
133 , 0.17380473017692566, 18.810590744018555,1.4301177263259888,0.47363710403442383 
134 , 0.1660122573375702, 18.074737548828125,1.4735132455825806,0.4069614112377167 
135 , 0.17139236629009247, 17.671262741088867,0.5320269465446472,0.6460657119750977 
136 , 0.16589577496051788, 17.737010955810547,1.1474343538284302,0.4083446264266968 
137 , 0.17651264369487762, 18.547266006469727,0.8960016369819641,1.0055996179580688 
138 , 0.18805178999900818, 20.305770874023438,1.5005911588668823,0.608286440372467 
139 , 0.16197112202644348, 17.11919593811035,0.9220820069313049,0.5062493681907654 
140 , 0.18948107957839966, 20.577754974365234,1.6296457052230835,0.5106573104858398 
141 , 0.1679757535457611, 18.108610153198242,1.31103515625,1.0034294128417969 
142 , 0.17369958758354187, 18.09854507446289,0.7285868525505066,0.7248713374137878 
143 , 0.17023655772209167, 18.170482635498047,1.1468275785446167,0.5434560775756836 
144 , 0.17566607892513275, 18.362340927124023,0.7957320213317871,0.5227702856063843 
145 , 0.1645754724740982, 17.884601593017578,1.4270538091659546,0.5504693984985352 
146 , 0.1740560233592987, 18.713802337646484,1.3082009553909302,0.5549313426017761 
147 , 0.16225503385066986, 17.281658172607422,1.056154727935791,0.49688953161239624 
148 , 0.17455336451530457, 18.844972610473633,1.3896371126174927,0.5959932804107666 
149 , 0.16314315795898438, 17.76801300048828,1.4536974430084229,0.5027127265930176 
150 , 0.1776803731918335, 19.437070846557617,1.6690330505371094,0.5001369714736938 
151 , 0.17522351443767548, 18.93155288696289,1.40920090675354,0.4390157461166382 
152 , 0.15969066321849823, 16.918432235717773,0.9493657946586609,0.46854162216186523 
153 , 0.17144134640693665, 18.72810173034668,1.5839670896530151,0.5249246954917908 
154 , 0.17362141609191895, 18.072608947753906,0.7104688882827759,0.9516849517822266 
155 , 0.17250964045524597, 18.6036376953125,1.352675437927246,0.6373989582061768 
156 , 0.15594089031219482, 16.54522132873535,0.9511326551437378,0.5078350305557251 
157 , 0.16114483773708344, 17.06603240966797,0.9515492916107178,0.5213648676872253 
158 , 0.14976337552070618, 15.773454666137695,0.7971175312995911,0.4212791323661804 
159 , 0.1577383130788803, 16.57021713256836,0.7963849306106567,0.5959620475769043 
160 , 0.15845975279808044, 16.4769229888916,0.6309474110603333,0.5915281772613525 
161 , 0.1665680706501007, 17.5141544342041,0.8573473691940308,0.47540032863616943 
162 , 0.16294318437576294, 17.713808059692383,1.4194892644882202,0.5570623874664307 
163 , 0.16420690715312958, 17.040821075439453,0.6201306581497192,0.6460596323013306 
164 , 0.15230348706245422, 16.408689498901367,1.178340196609497,0.490503191947937 
165 , 0.16225561499595642, 17.88873291015625,1.663171410560608,0.4336180090904236 
166 , 0.15260431170463562, 16.397823333740234,1.1373928785324097,0.7034103274345398 
167 , 0.16578420996665955, 17.71651840209961,1.138098120689392,0.5256948471069336 
168 , 0.147394061088562, 15.582575798034668,0.8431688547134399,0.6187998056411743 
169 , 0.16486060619354248, 18.876636505126953,2.390575647354126,0.536053478717804 
170 , 0.1540895402431488, 16.94965934753418,1.540705919265747,0.4006902575492859 
171 , 0.14925603568553925, 15.862752914428711,0.9371494650840759,0.9042670726776123 
172 , 0.16514188051223755, 18.048213958740234,1.534026026725769,0.45757967233657837 
173 , 0.16455194354057312, 17.804044723510742,1.3488497734069824,0.48361995816230774 
174 , 0.1595991998910904, 16.94314956665039,0.983228862285614,0.6151429414749146 
175 , 0.16178984940052032, 17.397611618041992,1.2186264991760254,0.5197170376777649 
176 , 0.1621893346309662, 17.589019775390625,1.3700863122940063,0.5572295188903809 
177 , 0.14918917417526245, 15.737789154052734,0.8188712000846863,0.4379417300224304 
178 , 0.15183629095554352, 16.929847717285156,1.7462196350097656,0.5135698318481445 
179 , 0.15927138924598694, 17.51262664794922,1.585487961769104,0.5934531688690186 
180 , 0.14576540887355804, 15.657371520996094,1.0808308124542236,0.5385723114013672 
181 , 0.15176576375961304, 17.583894729614258,2.4073188304901123,0.8245378136634827 
182 , 0.143402099609375, 15.021061897277832,0.6808518767356873,0.5291314125061035 
183 , 0.14766207337379456, 15.826549530029297,1.0603419542312622,0.5197761058807373 
184 , 0.15270835161209106, 16.068347930908203,0.7975128889083862,0.6503609418869019 
185 , 0.1546192616224289, 16.3125,0.8505743741989136,0.5038307309150696 
186 , 0.1510598510503769, 16.04659652709961,0.9406112432479858,0.39718392491340637 
187 , 0.15915389358997345, 17.575347900390625,1.6599582433700562,0.5072569251060486 
188 , 0.1449965536594391, 16.028858184814453,1.5292022228240967,0.4811204671859741 
189 , 0.15402734279632568, 16.392677307128906,0.9899420142173767,0.6821900010108948 
190 , 0.15163007378578186, 16.766000747680664,1.6029932498931885,0.5506452322006226 
191 , 0.15235485136508942, 16.04085922241211,0.8053742051124573,0.5606405138969421 
192 , 0.1527702808380127, 16.25057601928711,0.9735478162765503,0.5128760933876038 
193 , 0.13964208960533142, 15.243413925170898,1.279205322265625,0.5657354593276978 
194 , 0.1500283181667328, 16.678585052490234,1.6757535934448242,0.48236602544784546 
195 , 0.15999488532543182, 17.123891830444336,1.1244025230407715,0.7154101729393005 
196 , 0.1448359191417694, 15.506660461425781,1.0230685472488403,0.5760996341705322 
197 , 0.14332979917526245, 15.478972434997559,1.1459922790527344,0.46004754304885864 
198 , 0.1459425389766693, 16.423269271850586,1.8290165662765503,0.46088919043540955 
199 , 0.14095711708068848, 15.29590129852295,1.2001893520355225,0.5247882604598999 
200 , 0.1406160145998001, 15.915250778198242,1.8536492586135864,0.49351948499679565 
201 , 0.14354610443115234, 15.229575157165527,0.8749642968177795,0.5294548273086548 
202 , 0.14294511079788208, 15.995105743408203,1.7005946636199951,0.4436700642108917 
203 , 0.14539287984371185, 16.040546417236328,1.5012589693069458,0.4726358652114868 
204 , 0.14437603950500488, 16.25763511657715,1.8200305700302124,0.5139049291610718 
205 , 0.14438191056251526, 15.349955558776855,0.9117640256881714,0.4954812526702881 
206 , 0.13355928659439087, 14.296664237976074,0.9407355785369873,0.6118366718292236 
207 , 0.15510497987270355, 17.177526473999023,1.6670286655426025,0.39913153648376465 
208 , 0.14482638239860535, 15.835433959960938,1.3527954816818237,0.4340782165527344 
209 , 0.1449773907661438, 15.431339263916016,0.9336003065109253,0.46854281425476074 
210 , 0.14230239391326904, 15.54764175415039,1.3174018859863281,0.45736509561538696 
211 , 0.13500264286994934, 14.670785903930664,1.17052161693573,0.506497323513031 
212 , 0.15400603413581848, 17.22159194946289,1.8209882974624634,0.6772796511650085 
213 , 0.1381015181541443, 14.436527252197266,0.626375675201416,0.9524661898612976 
214 , 0.14277753233909607, 15.833657264709473,1.5559042692184448,0.4285489320755005 
215 , 0.13355502486228943, 14.498859405517578,1.143357276916504,0.5363826751708984 
216 , 0.1503785252571106, 16.817867279052734,1.7800155878067017,0.46192413568496704 
217 , 0.13547174632549286, 14.207493782043457,0.6603195071220398,0.48123788833618164 
218 , 0.1348254680633545, 14.773146629333496,1.2905997037887573,0.47595205903053284 
219 , 0.13680621981620789, 14.528219223022461,0.8475975394248962,0.6540461778640747 
220 , 0.13255064189434052, 13.534173965454102,0.27910998463630676,0.615193784236908 
221 , 0.13811489939689636, 15.210381507873535,1.3988916873931885,0.6752698421478271 
222 , 0.14365136623382568, 15.464654922485352,1.099517583847046,0.6121217012405396 
223 , 0.1371675282716751, 14.929182052612305,1.2124288082122803,0.5306001901626587 
224 , 0.14036040008068085, 14.834162712097168,0.7981222867965698,0.7225537300109863 
225 , 0.14598390460014343, 16.428131103515625,1.8297410011291504,0.43330276012420654 
226 , 0.1321021467447281, 14.608128547668457,1.3979142904281616,0.45495396852493286 
227 , 0.127766415476799, 13.780638694763184,1.0039966106414795,0.5326395630836487 
228 , 0.12723281979560852, 13.883749961853027,1.1604677438735962,0.5051950216293335 
229 , 0.1393107920885086, 15.379302978515625,1.4482243061065674,0.436755508184433 
230 , 0.13868573307991028, 14.910612106323242,1.0420392751693726,0.44904595613479614 
231 , 0.12772339582443237, 13.52701187133789,0.7546719312667847,0.5654436349868774 
232 , 0.13228261470794678, 14.791435241699219,1.5631730556488037,0.4935451149940491 
233 , 0.12698060274124146, 13.563295364379883,0.8652355074882507,0.4640998840332031 
234 , 0.14256203174591064, 15.550935745239258,1.294732689857483,0.8162996172904968 
235 , 0.1362520158290863, 15.86285400390625,2.237652540206909,0.6455414891242981 
236 , 0.12752768397331238, 13.87669563293457,1.1239266395568848,0.44574856758117676 
237 , 0.13059857487678528, 14.77079963684082,1.7109421491622925,0.40483570098876953 
238 , 0.13485541939735413, 14.722561836242676,1.2370193004608154,0.5460633039474487 
239 , 0.13190212845802307, 14.406270027160645,1.2160569429397583,0.5283485651016235 
240 , 0.13585412502288818, 15.015442848205566,1.430030107498169,0.4530646800994873 
241 , 0.12262308597564697, 13.189949989318848,0.9276418685913086,0.4912841320037842 
242 , 0.14397452771663666, 15.939330101013184,1.5418775081634521,0.49429041147232056 
243 , 0.1291499137878418, 13.338239669799805,0.4232487082481384,0.6264570951461792 
244 , 0.13494575023651123, 14.586100578308105,1.0915251970291138,0.6138519644737244 
245 , 0.12560507655143738, 14.085259437561035,1.5247517824172974,0.3871486186981201 
246 , 0.1361187994480133, 15.244253158569336,1.632373332977295,0.5708407163619995 
247 , 0.13126513361930847, 14.080208778381348,0.9536954760551453,0.5360183715820312 
248 , 0.12429424375295639, 13.274746894836426,0.845322847366333,0.7386349439620972 
249 , 0.13310980796813965, 14.036919593811035,0.725939154624939,0.5480972528457642 
250 , 0.12756562232971191, 13.846047401428223,1.0894848108291626,0.5100216865539551 
251 , 0.12750373780727386, 13.483627319335938,0.7332531809806824,0.6960778832435608 
252 , 0.12807126343250275, 14.45742416381836,1.6502981185913086,0.4323403835296631 
253 , 0.12761123478412628, 14.396038055419922,1.6349146366119385,0.513678789138794 
254 , 0.13007330894470215, 14.406067848205566,1.3987367153167725,0.41376346349716187 
255 , 0.12306691706180573, 13.22065258026123,0.9139603972434998,0.4784240126609802 
256 , 0.1393880993127823, 15.799447059631348,1.860636591911316,0.4279601573944092 
257 , 0.1188759133219719, 12.691650390625,0.8040593266487122,0.5457249879837036 
258 , 0.12222284078598022, 13.273200035095215,1.0509158372879028,0.5173450708389282 
259 , 0.1411711722612381, 15.94413948059082,1.8270220756530762,0.5556085109710693 
260 , 0.12914370000362396, 14.368364334106445,1.4539947509765625,0.5509797930717468 
261 , 0.12635131180286407, 14.129470825195312,1.494340181350708,0.46208077669143677 
262 , 0.11932776868343353, 12.785965919494629,0.8531892895698547,0.6079995632171631 
263 , 0.12289515137672424, 13.004471778869629,0.7149564027786255,0.5218881368637085 
264 , 0.12211084365844727, 13.263206481933594,1.0521224737167358,0.4727107286453247 
265 , 0.12335923314094543, 13.855496406555176,1.519573450088501,0.5273944139480591 
266 , 0.12418433278799057, 13.855437278747559,1.4370039701461792,0.5408075451850891 
267 , 0.11960672587156296, 13.191854476928711,1.2311819791793823,0.7003804445266724 
268 , 0.12150603532791138, 13.036843299865723,0.8862395882606506,0.5091835856437683 
269 , 0.1251804083585739, 14.320395469665527,1.802355170249939,0.5914555788040161 
270 , 0.12720264494419098, 14.089523315429688,1.3692593574523926,0.467590868473053 
271 , 0.1274714469909668, 14.679866790771484,1.9327223300933838,0.6444182395935059 
272 , 0.11162545531988144, 11.888431549072266,0.7258867025375366,0.44664400815963745 
273 , 0.11954201757907867, 13.490910530090332,1.5367084741592407,0.3954771161079407 
274 , 0.1184154748916626, 12.814552307128906,0.9730050563812256,0.46136289834976196 
275 , 0.11787673830986023, 12.533656120300293,0.7459823489189148,0.7351707816123962 
276 , 0.12204575538635254, 14.248391151428223,2.0438156127929688,0.49306273460388184 
277 , 0.12031003087759018, 12.986398696899414,0.9553954005241394,0.48828598856925964 
278 , 0.15363359451293945, 17.221324920654297,1.857965111732483,0.591489315032959 
279 , 0.1289512813091278, 14.640764236450195,1.7456356287002563,0.42625242471694946 
280 , 0.11721242964267731, 12.31617259979248,0.5949300527572632,0.6552384495735168 
281 , 0.12213443964719772, 13.416619300842285,1.2031751871109009,0.44650763273239136 
282 , 0.12049925327301025, 13.3208589553833,1.270933985710144,0.5003490447998047 
283 , 0.11641038954257965, 12.635908126831055,0.9948692321777344,0.5133742690086365 
284 , 0.12290966510772705, 14.322480201721191,2.0315139293670654,0.5799907445907593 
285 , 0.11337302625179291, 12.699604034423828,1.3623017072677612,0.4623814821243286 
286 , 0.1181434616446495, 13.67435073852539,1.8600046634674072,0.709796667098999 
287 , 0.11796934902667999, 13.140203475952148,1.343268632888794,0.6430964469909668 
288 , 0.1248331069946289, 13.522845268249512,1.0395342111587524,0.5169489979743958 
289 , 0.11655624955892563, 13.25178337097168,1.5961583852767944,0.4742899239063263 
290 , 0.11589296907186508, 13.417634010314941,1.8283365964889526,0.49245548248291016 
291 , 0.11137571185827255, 12.724668502807617,1.5870966911315918,0.45556730031967163 
292 , 0.1234874278306961, 13.90365219116211,1.5549098253250122,0.5148838758468628 
293 , 0.10913436859846115, 11.685672760009766,0.7722358703613281,0.8819857239723206 
294 , 0.12319248914718628, 13.704631805419922,1.3853830099105835,0.46352678537368774 
295 , 0.11421878635883331, 12.503887176513672,1.082008719444275,0.5167064070701599 
296 , 0.1209719106554985, 14.116862297058105,2.0196712017059326,0.5608802437782288 
297 , 0.11070752143859863, 11.984859466552734,0.9141068458557129,0.5398319959640503 
298 , 0.11093579232692719, 11.659374237060547,0.5657951831817627,0.553139328956604 
299 , 0.10824306309223175, 11.968221664428711,1.1439155340194702,0.4375227391719818 
300 , 0.1275295615196228, 13.794371604919434,1.0414153337478638,0.5290985703468323 
301 , 0.11559796333312988, 12.477173805236816,0.9173775911331177,0.5559799075126648 
302 , 0.11095939576625824, 11.897612571716309,0.801673173904419,0.5602208375930786 
303 , 0.11264320462942123, 12.145977020263672,0.8816570043563843,0.551599383354187 
304 , 0.11092856526374817, 12.165358543395996,1.0725024938583374,0.43162786960601807 
305 , 0.11425600945949554, 12.557493209838867,1.1318920850753784,0.4587422311306 
306 , 0.11187934875488281, 12.31329345703125,1.1253585815429688,0.683095395565033 
307 , 0.12161301076412201, 13.652730941772461,1.4914307594299316,0.4518820643424988 
308 , 0.1128319501876831, 12.535408973693848,1.2522138357162476,0.5395925641059875 
309 , 0.11806522309780121, 13.03842830657959,1.2319058179855347,0.5063021779060364 
310 , 0.10882352292537689, 12.273846626281738,1.3914943933486938,0.5380208492279053 
311 , 0.11307992041110992, 12.339054107666016,1.0310620069503784,0.4854755401611328 
312 , 0.112682044506073, 11.972084045410156,0.7038789987564087,0.6099283695220947 
313 , 0.11955630779266357, 13.499425888061523,1.5437942743301392,0.5745432376861572 
314 , 0.10813506692647934, 11.648120880126953,0.8346142172813416,0.5247697830200195 
315 , 0.1266690194606781, 14.319580078125,1.6526789665222168,0.6185142993927002 
316 , 0.1120225191116333, 12.41864013671875,1.2163889408111572,0.3978648781776428 
317 , 0.11590895056724548, 12.820222854614258,1.229327917098999,0.5238392353057861 
318 , 0.1082412451505661, 11.637791633605957,0.8136675357818604,0.5129238367080688 
319 , 0.11235839128494263, 12.9278564453125,1.6920173168182373,0.39526575803756714 
320 , 0.11123480647802353, 12.0418119430542,0.9183312654495239,0.5094262361526489 
321 , 0.11140480637550354, 12.899888038635254,1.7594072818756104,0.5520043969154358 
322 , 0.11490720510482788, 12.071067810058594,0.5803467035293579,0.5328355431556702 
323 , 0.11721428483724594, 12.66312026977539,0.9416913986206055,0.3915691673755646 
324 , 0.11066465079784393, 11.755818367004395,0.6893530488014221,0.4476994276046753 
325 , 0.1042935848236084, 11.600560188293457,1.1712017059326172,0.42657017707824707 
326 , 0.11928417533636093, 12.628983497619629,0.7005658745765686,0.5155186057090759 
327 , 0.10999615490436554, 12.198055267333984,1.1984399557113647,0.54572594165802 
328 , 0.11570833623409271, 13.796059608459473,2.225226640701294,0.4944576025009155 
329 , 0.10851623862981796, 11.565865516662598,0.7142418026924133,0.6612858772277832 
330 , 0.10694624483585358, 11.693117141723633,0.9984925985336304,0.6003642082214355 
331 , 0.11409555375576019, 12.570664405822754,1.1611087322235107,0.6004607677459717 
332 , 0.1125766858458519, 13.033485412597656,1.7758169174194336,0.4706909656524658 
333 , 0.11464133858680725, 13.017670631408691,1.5535367727279663,0.5314815044403076 
334 , 0.10886284708976746, 12.00103759765625,1.1147531270980835,0.5280905365943909 
335 , 0.11028554290533066, 13.085801124572754,2.0572469234466553,0.4645632207393646 
336 , 0.10461988300085068, 11.797019004821777,1.3350303173065186,0.4296633005142212 
337 , 0.11780743300914764, 13.71037769317627,1.9296340942382812,0.4686051309108734 
338 , 0.10184311121702194, 10.597603797912598,0.41329285502433777,0.6104708909988403 
339 , 0.11101266741752625, 11.862689018249512,0.7614223957061768,0.8039527535438538 
340 , 0.11456596851348877, 12.544514656066895,1.0879186391830444,0.5439670085906982 
341 , 0.10880853980779648, 13.157238006591797,2.2763845920562744,0.5455207824707031 
342 , 0.11004330217838287, 12.85766887664795,1.8533384799957275,0.5019032955169678 
343 , 0.10158376395702362, 10.594353675842285,0.43597671389579773,0.5140304565429688 
344 , 0.11108697950839996, 11.721646308898926,0.6129484176635742,0.5153490304946899 
345 , 0.10819686949253082, 12.769350051879883,1.9496628046035767,0.42644238471984863 
346 , 0.1050766333937645, 11.895772933959961,1.3881096839904785,0.47767841815948486 
347 , 0.11248958110809326, 13.73646068572998,2.487502336502075,0.47742223739624023 
348 , 0.11228691041469574, 12.58225154876709,1.353560447692871,0.4530435800552368 
349 , 0.117909274995327, 13.629378318786621,1.8384504318237305,0.4207693338394165 
350 , 0.10478691756725311, 12.393075942993164,1.9143840074539185,0.6003572344779968 
351 , 0.10389193147420883, 12.186803817749023,1.7976101636886597,0.48857197165489197 
352 , 0.10542629659175873, 11.169605255126953,0.6269763112068176,0.48629897832870483 
353 , 0.11317913234233856, 12.964486122131348,1.6465733051300049,0.4411745071411133 
354 , 0.1160513386130333, 13.509248733520508,1.904114842414856,0.5625997185707092 
355 , 0.10524352639913559, 11.894516944885254,1.3701640367507935,0.3947324752807617 
356 , 0.10219338536262512, 11.55621337890625,1.3368752002716064,0.4367384612560272 
357 , 0.10721644759178162, 11.878998756408691,1.1573541164398193,0.452240526676178 
358 , 0.10204148292541504, 10.781776428222656,0.5776277184486389,0.7547827959060669 
359 , 0.10764835774898529, 12.018953323364258,1.2541184425354004,0.5373817682266235 
360 , 0.11280523240566254, 11.97717571258545,0.6966525912284851,0.5443140268325806 
361 , 0.10218006372451782, 11.174858093261719,0.956851601600647,0.6127967834472656 
362 , 0.10832558572292328, 12.1502103805542,1.3176519870758057,0.46194636821746826 
363 , 0.10999439656734467, 12.88227367401123,1.8828341960906982,0.47164636850357056 
364 , 0.10055645555257797, 11.093461036682129,1.037814974784851,0.4644647240638733 
365 , 0.10842223465442657, 12.075175285339355,1.2329522371292114,0.45508578419685364 
366 , 0.10401799529790878, 11.704812049865723,1.303012490272522,0.4340372681617737 
367 , 0.10675577819347382, 12.905681610107422,2.2301039695739746,0.4253150224685669 
368 , 0.10404437780380249, 12.819792747497559,2.4153549671173096,0.45759353041648865 
369 , 0.10518525540828705, 11.438555717468262,0.9200307726860046,0.4458313584327698 
370 , 0.10352068394422531, 11.605860710144043,1.2537931203842163,0.5221476554870605 
371 , 0.10042210668325424, 12.123069763183594,2.080859661102295,0.6813507080078125 
372 , 0.10512544959783554, 11.728242874145508,1.215698003768921,0.5431745648384094 
373 , 0.11325307190418243, 12.992432594299316,1.6671254634857178,0.36510708928108215 
374 , 0.10844144225120544, 12.734631538391113,1.8904879093170166,0.4900183081626892 
375 , 0.11292218416929245, 12.207440376281738,0.91522216796875,0.5888669490814209 
376 , 0.10167296230792999, 11.139503479003906,0.9722070693969727,0.3784830570220947 
377 , 0.10290294885635376, 10.741279602050781,0.4509846568107605,0.5751674771308899 
378 , 0.10539679229259491, 11.481328010559082,0.9416482448577881,0.4920769929885864 
379 , 0.10502609610557556, 11.745716094970703,1.2431063652038574,0.5440332889556885 
380 , 0.10639574378728867, 12.14794635772705,1.5083723068237305,0.47726356983184814 
381 , 0.09914880990982056, 10.980661392211914,1.0657806396484375,0.6415663957595825 
382 , 0.09655719995498657, 11.09837532043457,1.4426559209823608,0.4505695700645447 
383 , 0.10305609554052353, 11.327521324157715,1.021911382675171,0.4954681992530823 
384 , 0.09971022605895996, 11.599160194396973,1.628137230873108,0.41201961040496826 
385 , 0.10085429251194, 11.596826553344727,1.511397361755371,0.4261852502822876 
386 , 0.10026523470878601, 11.220495223999023,1.1939715147018433,0.45899513363838196 
387 , 0.10110992193222046, 11.28426742553711,1.1732747554779053,0.5371812582015991 
388 , 0.10403414070606232, 12.77974796295166,2.3763339519500732,0.546832799911499 
389 , 0.10359938442707062, 11.725994110107422,1.3660554885864258,0.47671300172805786 
390 , 0.1032002717256546, 12.398834228515625,2.0788064002990723,0.41365745663642883 
391 , 0.09566649049520493, 10.345603942871094,0.7789544463157654,0.5205976963043213 
392 , 0.09783391654491425, 11.58056926727295,1.7971775531768799,0.5153965353965759 
393 , 0.10913051664829254, 12.982605934143066,2.069554328918457,0.530899703502655 
394 , 0.10263526439666748, 12.530801773071289,2.267275094985962,0.6870744824409485 
395 , 0.1058080643415451, 11.563782691955566,0.9829759001731873,0.511715292930603 
396 , 0.10280521959066391, 11.8273286819458,1.5468066930770874,0.5338552594184875 
397 , 0.10285219550132751, 11.400703430175781,1.1154844760894775,0.48379427194595337 
398 , 0.09832890331745148, 11.090668678283691,1.2577780485153198,0.44581401348114014 
399 , 0.09403787553310394, 10.198991775512695,0.7952042818069458,0.5501563549041748 
400 , 0.09700056910514832, 11.231315612792969,1.531258463859558,0.5266172885894775 
401 , 0.09445016086101532, 10.575868606567383,1.1308525800704956,0.4669448137283325 
402 , 0.09443055093288422, 10.780929565429688,1.3378740549087524,0.4256754517555237 
403 , 0.09850802272558212, 10.668917655944824,0.8181148767471313,0.5218498706817627 
404 , 0.09871962666511536, 11.050186157226562,1.1782234907150269,0.5199449062347412 
405 , 0.09959714114665985, 12.465417861938477,2.505704164505005,0.7553832530975342 
406 , 0.10391896218061447, 11.741827011108398,1.3499304056167603,0.4528089463710785 
407 , 0.10695862770080566, 11.493892669677734,0.7980297803878784,0.5124647617340088 
408 , 0.09485408663749695, 11.582710266113281,2.097301721572876,0.5713192820549011 
409 , 0.10564535856246948, 11.954968452453613,1.3904321193695068,0.5908419489860535 
410 , 0.10459429025650024, 11.735151290893555,1.2757229804992676,0.4362909197807312 
411 , 0.09769369661808014, 11.000250816345215,1.2308803796768188,0.5253376960754395 
412 , 0.09422631561756134, 9.983516693115234,0.5608850121498108,0.6046637296676636 
413 , 0.10247348994016647, 11.074821472167969,0.8274728655815125,0.48774269223213196 
414 , 0.09453938901424408, 10.38957691192627,0.9356381893157959,0.4717303216457367 
415 , 0.10845553874969482, 12.777761459350586,1.9322071075439453,0.4317942261695862 
416 , 0.1038677915930748, 11.78715705871582,1.400377869606018,0.47352784872055054 
417 , 0.10038121789693832, 11.54035758972168,1.5022355318069458,0.4400375783443451 
418 , 0.10199129581451416, 11.081385612487793,0.8822560906410217,0.5275943875312805 
419 , 0.09619340300559998, 11.897722244262695,2.2783820629119873,0.5759691596031189 
420 , 0.09284534305334091, 9.612569808959961,0.32803553342819214,0.5945249199867249 
421 , 0.097272589802742, 11.754852294921875,2.0275933742523193,0.4296512305736542 
422 , 0.10519160330295563, 12.275079727172852,1.755919337272644,0.43936261534690857 
423 , 0.09663566201925278, 10.484841346740723,0.8212750554084778,0.5753372311592102 
424 , 0.10373403877019882, 12.527728080749512,2.1543242931365967,0.5342925786972046 
425 , 0.09342186152935028, 10.726162910461426,1.3839770555496216,0.43367889523506165 
426 , 0.09838366508483887, 11.67245101928711,1.8340845108032227,0.9151759743690491 
427 , 0.09944987297058105, 11.340686798095703,1.3956998586654663,0.4687391519546509 
428 , 0.10759995877742767, 12.255066871643066,1.4950710535049438,0.4605884850025177 
429 , 0.09643004834651947, 10.565227508544922,0.9222232103347778,0.8748959302902222 
430 , 0.09372350573539734, 11.425159454345703,2.052809000015259,0.5336436629295349 
431 , 0.10159899294376373, 11.488736152648926,1.3288367986679077,0.4120281934738159 
432 , 0.09687286615371704, 10.91571044921875,1.2284235954284668,0.4647432863712311 
433 , 0.09813974797725677, 12.065790176391602,2.2518162727355957,0.5688373446464539 
434 , 0.09424715489149094, 10.196173667907715,0.7714585661888123,0.6322183609008789 
435 , 0.09761708974838257, 11.126958847045898,1.3652491569519043,0.5130745768547058 
436 , 0.09470641613006592, 10.642717361450195,1.1720755100250244,0.4404055178165436 
437 , 0.09956640005111694, 11.658524513244629,1.7018840312957764,0.3950355648994446 
438 , 0.10360389947891235, 11.750655174255371,1.3902651071548462,0.5266464352607727 
439 , 0.10488848388195038, 11.911754608154297,1.4229063987731934,0.5364996194839478 
440 , 0.09219231456518173, 10.450206756591797,1.2309749126434326,0.5208377242088318 
441 , 0.09263049066066742, 10.4757719039917,1.2127224206924438,0.46003973484039307 
442 , 0.0935029536485672, 10.718071937561035,1.367776870727539,0.4415735900402069 
443 , 0.09287413209676743, 10.693714141845703,1.4063010215759277,0.4869380593299866 
444 , 0.09793108701705933, 11.973262786865234,2.1801538467407227,0.4651108384132385 
445 , 0.09236098825931549, 10.725485801696777,1.4893864393234253,0.5709628462791443 
446 , 0.09519524872303009, 11.5783052444458,2.0587806701660156,0.49031662940979004 
447 , 0.09581129252910614, 10.474812507629395,0.8936835527420044,0.6360197067260742 
448 , 0.09814749658107758, 10.735602378845215,0.9208523035049438,0.5101015567779541 
449 , 0.09213867038488388, 11.044939041137695,1.8310714960098267,0.540037989616394 
450 , 0.10475894063711166, 12.64238166809082,2.166487693786621,0.491224080324173 
451 , 0.09011181443929672, 9.783538818359375,0.7723565697669983,0.5596960783004761 
452 , 0.09493851661682129, 10.52326774597168,1.0294158458709717,0.6085476875305176 
453 , 0.09124841541051865, 9.845296859741211,0.7204552292823792,0.6628286838531494 
454 , 0.09259633719921112, 10.725164413452148,1.465530514717102,0.5643494725227356 
455 , 0.09178303182125092, 10.912586212158203,1.7342839241027832,0.5725969076156616 
456 , 0.0963868722319603, 11.102453231811523,1.46376633644104,0.5125298500061035 
457 , 0.09648209810256958, 11.52430248260498,1.8760931491851807,0.4512774646282196 
458 , 0.10033105313777924, 11.89899730682373,1.8658925294876099,0.4202996492385864 
459 , 0.09481554478406906, 10.189839363098145,0.7082857489585876,0.642443835735321 
460 , 0.09142033755779266, 10.333181381225586,1.1911474466323853,0.42281976342201233 
461 , 0.08847342431545258, 9.799110412597656,0.9517679214477539,0.5254074931144714 
462 , 0.09104238450527191, 10.699760437011719,1.5955218076705933,0.4581104516983032 
463 , 0.08722524344921112, 9.927241325378418,1.2047168016433716,0.5231552124023438 
464 , 0.09204904735088348, 10.00688648223877,0.801981508731842,0.49351024627685547 
465 , 0.08674316108226776, 9.924396514892578,1.2500802278518677,0.47276681661605835 
466 , 0.0943843424320221, 11.444314956665039,2.00588059425354,0.4103776812553406 
467 , 0.09162643551826477, 11.058746337890625,1.896103024482727,0.5210682153701782 
468 , 0.08638086169958115, 10.169832229614258,1.5317460298538208,0.41713929176330566 
469 , 0.08895926177501678, 10.259984970092773,1.364058494567871,0.47411292791366577 
470 , 0.09425833821296692, 11.023571014404297,1.5977368354797363,0.5677505135536194 
471 , 0.08871220797300339, 9.858091354370117,0.9868710041046143,0.5974990129470825 
472 , 0.09807416051626205, 11.362075805664062,1.5546600818634033,0.4847606420516968 
473 , 0.09451369941234589, 11.0,1.5486292839050293,0.4866447448730469 
474 , 0.09102119505405426, 10.924308776855469,1.822189211845398,0.48049843311309814 
475 , 0.08790330588817596, 10.288159370422363,1.4978288412094116,0.542331337928772 
476 , 0.09372677654027939, 10.369959831237793,0.9972822070121765,0.48948365449905396 
477 , 0.08644386380910873, 9.200119972229004,0.5557340383529663,0.5518758296966553 
478 , 0.09089416265487671, 10.070907592773438,0.9814913272857666,0.5732345581054688 
479 , 0.09980534017086029, 11.590185165405273,1.6096514463424683,0.4852321445941925 
480 , 0.08836748450994492, 10.130182266235352,1.2934337854385376,0.4002336859703064 
481 , 0.0836980938911438, 9.331671714782715,0.9618625044822693,0.617071270942688 
482 , 0.09851746261119843, 11.294666290283203,1.4429197311401367,0.4822295308113098 
483 , 0.08886992931365967, 10.043242454528809,1.1562491655349731,0.5037173628807068 
484 , 0.08884035050868988, 10.404898643493652,1.5208631753921509,0.7397969365119934 
485 , 0.0956801101565361, 10.953598976135254,1.3855880498886108,0.5176619291305542 
486 , 0.09420111030340195, 11.056703567504883,1.636593222618103,0.4035561680793762 
487 , 0.09697413444519043, 11.716157913208008,2.018744707107544,0.45728999376296997 
488 , 0.08930601924657822, 11.056464195251465,2.125861883163452,0.5508027076721191 
489 , 0.09443914890289307, 10.699627876281738,1.2557134628295898,0.4281049966812134 
490 , 0.09194867312908173, 10.940370559692383,1.7455034255981445,0.79048752784729 
491 , 0.09178408980369568, 10.218464851379395,1.0400563478469849,0.47673672437667847 
492 , 0.08448263257741928, 8.960230827331543,0.511967658996582,0.6075184345245361 
493 , 0.09342285245656967, 11.802974700927734,2.4606895446777344,0.5537738800048828 
494 , 0.08714237064123154, 9.219072341918945,0.5048349499702454,0.6521161198616028 
495 , 0.09279706329107285, 10.79922866821289,1.5195229053497314,0.44909098744392395 
496 , 0.09079547226428986, 10.184435844421387,1.1048885583877563,0.4660102427005768 
497 , 0.08859553933143616, 10.10055160522461,1.2409977912902832,0.7476374506950378 
498 , 0.08728395402431488, 9.685229301452637,0.95683354139328,0.4829980731010437 
499 , 0.08852669596672058, 9.879743576049805,1.0270733833312988,0.5292729735374451 
500 , 0.08968555927276611, 9.965165138244629,0.9966095685958862,0.46714067459106445 
501 , 0.09500952810049057, 10.894156455993652,1.3932033777236938,0.5796368718147278 
502 , 0.09440720081329346, 11.0615873336792,1.6208680868148804,0.5318199396133423 
503 , 0.09039252251386642, 10.551193237304688,1.5119409561157227,0.47143709659576416 
504 , 0.09069888293743134, 10.133126258850098,1.0632377862930298,0.4494882822036743 
